id,id_season,game_date,tm,opp,results,prediction_value,pred_results_1_line_game,prediction_proba_df_win,prediction_proba_df_loose,prediction_proba_df_win_opp,prediction_proba_df_loose_opp
2024-10-25_CHO_ATL,2025,2024-10-25,ATL,CHO,1,1,1,0.6749312,0.32506877,0.3584256,0.6415744
2024-10-27_ATL_OKC,2025,2024-10-27,ATL,OKC,0,0,0,0.3932142,0.6067858,0.574674,0.425326
2024-10-28_WAS_ATL,2025,2024-10-28,ATL,WAS,0,0,1,0.4801254,0.5198746,0.45842505,0.54157495
2024-10-30_ATL_WAS,2025,2024-10-30,ATL,WAS,0,0,0,0.43977463,0.56022537,0.5786276,0.4213724
2024-11-01_SAC_ATL,2025,2024-11-01,ATL,SAC,0,1,1,0.5302031,0.4697969,0.49553776,0.50446224
2024-11-03_ATL_NOP,2025,2024-11-03,ATL,NOP,1,0,0,0.4373406,0.5626594,0.61781883,0.38218117
2024-11-04_BOS_ATL,2025,2024-11-04,ATL,BOS,0,0,0,0.3508445,0.6491555,0.63026494,0.36973506
2024-11-06_NYK_ATL,2025,2024-11-06,ATL,NYK,1,0,0,0.41032633,0.58967364,0.53330904,0.46669096
2024-11-08_ATL_DET,2025,2024-11-08,ATL,DET,0,0,0,0.4098049,0.59019506,0.5697482,0.43025178
2024-11-09_CHI_ATL,2025,2024-11-09,ATL,CHI,0,1,1,0.5870402,0.4129598,0.38432726,0.6156727
2024-11-12_ATL_BOS,2025,2024-11-12,ATL,BOS,1,0,0,0.1774086,0.8225914,0.80631065,0.19368935
2024-11-15_WAS_ATL,2025,2024-11-15,ATL,WAS,1,1,1,0.7134222,0.28657782,0.33130348,0.6686965
2024-11-17_ATL_POR,2025,2024-11-17,ATL,POR,0,0,0,0.4785887,0.5214113,0.54770344,0.45229656
2024-11-18_ATL_SAC,2025,2024-11-18,ATL,SAC,1,0,0,0.2575308,0.7424692,0.7028206,0.2971794
2024-11-20_ATL_GSW,2025,2024-11-20,ATL,GSW,0,0,0,0.21741161,0.78258836,0.79442054,0.20557946
2024-11-22_ATL_CHI,2025,2024-11-22,ATL,CHI,0,0,0,0.49496117,0.50503886,0.5383354,0.46166462
2024-11-25_DAL_ATL,2025,2024-11-25,ATL,DAL,0,0,0,0.44807014,0.55192983,0.490285,0.50971496
2024-11-27_ATL_CLE,2025,2024-11-27,ATL,CLE,1,0,0,0.18536009,0.8146399,0.8043729,0.1956271
2024-11-29_CLE_ATL,2025,2024-11-29,ATL,CLE,1,0,0,0.32245278,0.6775472,0.6877229,0.31227708
2024-11-30_ATL_CHO,2025,2024-11-30,ATL,CHO,1,0,1,0.4409059,0.5590941,0.43997493,0.5600251
2024-12-02_NOP_ATL,2025,2024-12-02,ATL,NOP,1,1,1,0.7427254,0.25727463,0.24553952,0.75446045
2024-12-04_ATL_MIL,2025,2024-12-04,ATL,MIL,1,0,0,0.38427374,0.61572623,0.58775353,0.41224647
2024-12-06_LAL_ATL,2025,2024-12-06,ATL,LAL,1,1,1,0.56547105,0.43452895,0.44664094,0.55335903
2024-12-08_DEN_ATL,2025,2024-12-08,ATL,DEN,0,1,1,0.55899143,0.44100857,0.36506143,0.6349386
2024-12-11_ATL_NYK,2025,2024-12-11,ATL,NYK,1,0,0,0.30499792,0.6950021,0.7073802,0.29261982
2024-12-14_ATL_MIL,2025,2024-12-14,ATL,MIL,0,0,0,0.42856982,0.5714302,0.57742864,0.42257136
2024-12-19_ATL_SAS,2025,2024-12-19,ATL,SAS,0,0,0,0.465852,0.534148,0.5496205,0.4503795
2024-12-21_MEM_ATL,2025,2024-12-21,ATL,MEM,0,0,0,0.46284035,0.5371597,0.5605828,0.43941718
2024-12-23_MIN_ATL,2025,2024-12-23,ATL,MIN,1,0,0,0.48916936,0.51083064,0.5484375,0.45156252
2024-12-26_CHI_ATL,2025,2024-12-26,ATL,CHI,1,1,1,0.67954284,0.32045716,0.34844398,0.651556
2024-12-28_MIA_ATL,2025,2024-12-28,ATL,MIA,1,0,0,0.48068875,0.51931125,0.5461031,0.45389688
2024-12-29_ATL_TOR,2025,2024-12-29,ATL,TOR,1,1,1,0.60946006,0.39053994,0.37883642,0.6211636
2025-01-01_ATL_DEN,2025,2025-01-01,ATL,DEN,0,0,0,0.38679582,0.6132042,0.6282739,0.3717261
2025-01-03_ATL_LAL,2025,2025-01-03,ATL,LAL,0,0,0,0.38439474,0.61560524,0.5439896,0.4560104
2025-01-04_ATL_LAC,2025,2025-01-04,ATL,LAC,0,0,0,0.23918025,0.76081973,0.7133009,0.28669912
2024-10-24_BOS_WAS,2025,2024-10-24,BOS,WAS,1,1,0,0.509401,0.49059898,,
2024-10-26_BOS_DET,2025,2024-10-26,BOS,DET,1,1,1,0.55641246,0.44358754,0.4457493,0.5542507
2024-10-28_MIL_BOS,2025,2024-10-28,BOS,MIL,1,1,1,0.6105213,0.38947868,0.3440642,0.65593576
2024-10-30_BOS_IND,2025,2024-10-30,BOS,IND,0,1,0,0.50612533,0.49387467,0.51173407,0.48826593
2024-11-01_BOS_CHO,2025,2024-11-01,BOS,CHO,1,1,1,0.5272682,0.47273183,0.5229103,0.4770897
2024-11-02_BOS_CHO,2025,2024-11-02,BOS,CHO,1,0,1,0.45643246,0.54356754,0.3967365,0.6032635
2024-11-06_GSW_BOS,2025,2024-11-06,BOS,GSW,0,1,1,0.55754423,0.44245577,0.4406474,0.55935264
2024-11-08_BRK_BOS,2025,2024-11-08,BOS,BRK,1,1,1,0.7714545,0.22854549,0.26631865,0.7336813
2024-11-10_BOS_MIL,2025,2024-11-10,BOS,MIL,1,1,1,0.7142217,0.28577828,0.31686723,0.68313277
2024-11-13_BOS_BRK,2025,2024-11-13,BOS,BRK,1,1,1,0.567553,0.43244702,0.40763634,0.59236366
2024-11-16_TOR_BOS,2025,2024-11-16,BOS,TOR,1,1,1,0.8384904,0.16150957,0.095563106,0.9044369
2024-11-19_CLE_BOS,2025,2024-11-19,BOS,CLE,1,1,1,0.61959213,0.38040787,0.37161863,0.6283814
2024-11-22_BOS_WAS,2025,2024-11-22,BOS,WAS,1,1,1,0.7518915,0.2481085,0.24871276,0.7512872
2024-11-24_MIN_BOS,2025,2024-11-24,BOS,MIN,1,1,1,0.7853332,0.21466678,0.24175285,0.75824714
2024-11-25_LAC_BOS,2025,2024-11-25,BOS,LAC,1,1,1,0.7174281,0.2825719,0.14762859,0.8523714
2024-11-29_BOS_CHI,2025,2024-11-29,BOS,CHI,1,1,1,0.6859694,0.3140306,0.30820525,0.69179475
2024-12-01_BOS_CLE,2025,2024-12-01,BOS,CLE,0,0,0,0.37749568,0.62250435,0.6023553,0.3976447
2024-12-02_MIA_BOS,2025,2024-12-02,BOS,MIA,1,1,1,0.7646079,0.2353921,0.14779067,0.8522093
2024-12-04_DET_BOS,2025,2024-12-04,BOS,DET,1,1,1,0.80826825,0.19173175,0.11815681,0.8818432
2024-12-06_MIL_BOS,2025,2024-12-06,BOS,MIL,1,1,1,0.74750626,0.25249374,0.2824662,0.7175338
2024-12-07_MEM_BOS,2025,2024-12-07,BOS,MEM,0,1,1,0.65999544,0.34000456,0.32807428,0.6719257
2024-12-12_DET_BOS,2025,2024-12-12,BOS,DET,1,1,1,0.80436426,0.19563574,0.22199897,0.778001
2024-12-15_BOS_WAS,2025,2024-12-15,BOS,WAS,1,1,1,0.8011707,0.1988293,0.19848587,0.80151415
2024-12-19_CHI_BOS,2025,2024-12-19,BOS,CHI,0,1,1,0.7883162,0.21168381,0.25844312,0.7415569
2024-12-21_BOS_CHI,2025,2024-12-21,BOS,CHI,1,1,1,0.61442137,0.38557863,0.4015087,0.5984913
2024-12-23_BOS_ORL,2025,2024-12-23,BOS,ORL,0,1,1,0.58321184,0.41678816,0.44499075,0.55500925
2024-12-25_PHI_BOS,2025,2024-12-25,BOS,PHI,0,1,1,0.78947014,0.21052986,0.21127428,0.78872573
2024-12-27_IND_BOS,2025,2024-12-27,BOS,IND,1,1,1,0.72907877,0.27092123,0.20649202,0.793508
2024-12-29_IND_BOS,2025,2024-12-29,BOS,IND,0,1,1,0.74867254,0.25132746,0.25751048,0.7424895
2024-12-31_TOR_BOS,2025,2024-12-31,BOS,TOR,1,1,1,0.8299622,0.1700378,0.18921709,0.8107829
2025-01-02_BOS_MIN,2025,2025-01-02,BOS,MIN,1,1,1,0.5597053,0.44029468,0.46074915,0.53925085
2025-01-03_BOS_HOU,2025,2025-01-03,BOS,HOU,1,0,0,0.39569137,0.6043086,0.5419556,0.4580444
2025-01-05_BOS_OKC,2025,2025-01-05,BOS,OKC,0,0,0,0.2787591,0.7212409,0.73207855,0.26792145
2024-10-25_BRK_ORL,2025,2024-10-25,BRK,ORL,0,0,0,0.22863036,0.77136964,0.7265783,0.2734217
2024-10-27_MIL_BRK,2025,2024-10-27,BRK,MIL,1,1,0,0.5190155,0.4809845,0.53262305,0.46737695
2024-10-29_DEN_BRK,2025,2024-10-29,BRK,DEN,0,1,1,0.5968853,0.40311468,0.38668883,0.6133112
2024-10-30_BRK_MEM,2025,2024-10-30,BRK,MEM,1,0,0,0.33356896,0.66643107,0.589687,0.410313
2024-11-01_CHI_BRK,2025,2024-11-01,BRK,CHI,1,1,1,0.5488497,0.4511503,0.4179621,0.5820379
2024-11-03_DET_BRK,2025,2024-11-03,BRK,DET,0,1,1,0.6718879,0.32811213,0.29966447,0.7003355
2024-11-04_MEM_BRK,2025,2024-11-04,BRK,MEM,1,0,0,0.46214497,0.537855,0.5227338,0.4772662
2024-11-09_BRK_CLE,2025,2024-11-09,BRK,CLE,0,0,0,0.18303415,0.8169658,0.72340626,0.27659374
2024-11-11_BRK_NOP,2025,2024-11-11,BRK,NOP,1,1,1,0.5531332,0.4468668,0.46755114,0.5324489
2024-11-15_BRK_NYK,2025,2024-11-15,BRK,NYK,0,0,0,0.37802106,0.62197894,0.6382961,0.36170387
2024-11-17_BRK_NYK,2025,2024-11-17,BRK,NYK,0,0,0,0.35404202,0.64595795,0.6785815,0.32141852
2024-11-19_CHO_BRK,2025,2024-11-19,BRK,CHO,1,1,1,0.6012439,0.3987561,0.43555346,0.56444657
2024-11-22_BRK_PHI,2025,2024-11-22,BRK,PHI,0,1,1,0.5591375,0.44086248,0.42927772,0.5707223
2024-11-24_BRK_SAC,2025,2024-11-24,BRK,SAC,1,0,0,0.3605395,0.6394605,0.6672251,0.33277488
2024-11-25_BRK_GSW,2025,2024-11-25,BRK,GSW,1,0,0,0.16388994,0.83611006,0.76316637,0.23683363
2024-11-27_BRK_PHO,2025,2024-11-27,BRK,PHO,1,0,0,0.37792835,0.6220716,0.6293063,0.37069368
2024-11-29_ORL_BRK,2025,2024-11-29,BRK,ORL,0,0,0,0.4993986,0.5006014,0.5492116,0.45078838
2024-12-01_ORL_BRK,2025,2024-12-01,BRK,ORL,0,0,0,0.4209666,0.5790334,0.6068013,0.39319873
2024-12-02_BRK_CHI,2025,2024-12-02,BRK,CHI,0,0,0,0.40353373,0.5964663,0.533829,0.46617103
2024-12-04_IND_BRK,2025,2024-12-04,BRK,IND,1,1,1,0.53312224,0.46687776,0.39803505,0.60196495
2024-12-08_MIL_BRK,2025,2024-12-08,BRK,MIL,0,1,1,0.5174455,0.4825545,0.51440185,0.48559815
2024-12-13_BRK_MEM,2025,2024-12-13,BRK,MEM,0,0,0,0.25572428,0.7442757,0.77116615,0.22883385
2024-12-16_CLE_BRK,2025,2024-12-16,BRK,CLE,0,0,0,0.2822478,0.7177522,0.7406159,0.2593841
2024-12-19_BRK_TOR,2025,2024-12-19,BRK,TOR,1,0,0,0.4680067,0.53199327,0.53363955,0.46636045
2024-12-21_UTA_BRK,2025,2024-12-21,BRK,UTA,0,1,1,0.68148285,0.31851715,0.34269208,0.6573079
2024-12-23_BRK_MIA,2025,2024-12-23,BRK,MIA,0,0,0,0.317711,0.682289,0.69851375,0.30148625
2024-12-26_BRK_MIL,2025,2024-12-26,BRK,MIL,1,0,0,0.27967164,0.72032833,0.74006313,0.25993687
2024-12-27_SAS_BRK,2025,2024-12-27,BRK,SAS,0,0,0,0.40765223,0.59234774,0.5580996,0.44190037
2024-12-29_BRK_ORL,2025,2024-12-29,BRK,ORL,0,0,0,0.2866158,0.7133842,0.7422826,0.25771737
2025-01-01_BRK_TOR,2025,2025-01-01,BRK,TOR,0,1,1,0.67545366,0.32454634,0.28652087,0.71347916
2025-01-02_BRK_MIL,2025,2025-01-02,BRK,MIL,1,0,0,0.22999279,0.7700072,0.7147364,0.2852636
2025-01-04_PHI_BRK,2025,2025-01-04,BRK,PHI,0,1,1,0.5386651,0.46133488,0.49525172,0.5047483
2024-10-25_CHI_MIL,2025,2024-10-25,CHI,MIL,1,0,0,0.43444076,0.56555927,0.5962084,0.4037916
2024-10-26_OKC_CHI,2025,2024-10-26,CHI,OKC,0,0,0,0.34934565,0.6506543,0.64543957,0.35456043
2024-10-28_CHI_MEM,2025,2024-10-28,CHI,MEM,1,1,1,0.51178074,0.48821926,0.5069352,0.49306482
2024-10-30_ORL_CHI,2025,2024-10-30,CHI,ORL,1,0,0,0.43110397,0.56889606,0.5497948,0.4502052
2024-11-04_UTA_CHI,2025,2024-11-04,CHI,UTA,0,1,1,0.61223656,0.38776344,0.3809323,0.61906767
2024-11-06_CHI_DAL,2025,2024-11-06,CHI,DAL,0,0,0,0.2961091,0.7038909,0.7464762,0.25352383
2024-11-07_MIN_CHI,2025,2024-11-07,CHI,MIN,0,0,0,0.3225214,0.6774786,0.68446016,0.31553984
2024-11-11_CLE_CHI,2025,2024-11-11,CHI,CLE,0,0,0,0.31772697,0.68227303,0.6737223,0.32627767
2024-11-13_CHI_NYK,2025,2024-11-13,CHI,NYK,1,0,0,0.28707936,0.71292067,0.68723345,0.31276655
2024-11-15_CHI_CLE,2025,2024-11-15,CHI,CLE,0,0,0,0.18157598,0.818424,0.8080304,0.19196957
2024-11-17_HOU_CHI,2025,2024-11-17,CHI,HOU,0,0,0,0.36390665,0.6360934,0.6767704,0.3232296
2024-11-18_CHI_DET,2025,2024-11-18,CHI,DET,1,0,0,0.2905911,0.7094089,0.6477599,0.3522401
2024-11-20_CHI_MIL,2025,2024-11-20,CHI,MIL,0,0,0,0.4333898,0.5666102,0.5867505,0.4132495
2024-11-23_MEM_CHI,2025,2024-11-23,CHI,MEM,0,0,0,0.32690698,0.673093,0.6116596,0.3883404
2024-11-26_CHI_WAS,2025,2024-11-26,CHI,WAS,1,1,1,0.6320234,0.3679766,0.3998076,0.6001924
2024-11-27_CHI_ORL,2025,2024-11-27,CHI,ORL,0,0,0,0.14552505,0.85447496,0.8272125,0.17278749
2024-12-05_CHI_SAS,2025,2024-12-05,CHI,SAS,1,0,0,0.32608977,0.67391026,0.70638734,0.29361266
2024-12-06_IND_CHI,2025,2024-12-06,CHI,IND,0,0,1,0.49093246,0.50906754,0.47279337,0.52720666
2024-12-08_PHI_CHI,2025,2024-12-08,CHI,PHI,0,1,1,0.5827733,0.41722667,0.42835957,0.57164043
2024-12-13_CHO_CHI,2025,2024-12-13,CHI,CHO,1,1,1,0.6008973,0.3991027,0.40998954,0.59001046
2024-12-16_CHI_TOR,2025,2024-12-16,CHI,TOR,1,1,1,0.528581,0.47141898,0.4969193,0.5030807
2024-12-23_MIL_CHI,2025,2024-12-23,CHI,MIL,0,0,0,0.37799838,0.62200165,0.63926834,0.36073166
2024-12-28_MIL_CHI,2025,2024-12-28,CHI,MIL,1,0,0,0.38016647,0.6198335,0.660997,0.33900303
2024-12-30_CHI_CHO,2025,2024-12-30,CHI,CHO,1,1,1,0.53192884,0.46807116,0.49234,0.50766003
2025-01-01_CHI_WAS,2025,2025-01-01,CHI,WAS,0,1,1,0.6828818,0.31711823,0.3992952,0.6007048
2025-01-04_NYK_CHI,2025,2025-01-04,CHI,NYK,1,0,0,0.37990332,0.6200967,0.56417835,0.43582165
2024-10-26_MIA_CHO,2025,2024-10-26,CHO,MIA,0,1,1,0.6794482,0.3205518,0.36309698,0.63690305
2024-10-30_TOR_CHO,2025,2024-10-30,CHO,TOR,1,1,1,0.6734082,0.3265918,0.35084006,0.6491599
2024-11-04_CHO_MIN,2025,2024-11-04,CHO,MIN,0,0,0,0.36976758,0.63023245,0.6481923,0.3518077
2024-11-06_DET_CHO,2025,2024-11-06,CHO,DET,1,1,0,0.51046705,0.48953295,0.52365637,0.47634363
2024-11-08_IND_CHO,2025,2024-11-08,CHO,IND,1,1,1,0.57562673,0.42437327,0.46249998,0.5375
2024-11-10_CHO_PHI,2025,2024-11-10,CHO,PHI,0,1,1,0.61465925,0.38534075,0.40997714,0.59002286
2024-11-12_CHO_ORL,2025,2024-11-12,CHO,ORL,0,0,0,0.36574626,0.63425374,0.6581913,0.34180868
2024-11-16_MIL_CHO,2025,2024-11-16,CHO,MIL,1,1,1,0.5938762,0.40612382,0.42681193,0.57318807
2024-11-17_CHO_CLE,2025,2024-11-17,CHO,CLE,0,0,0,0.12156154,0.8784385,0.8100912,0.1899088
2024-11-21_DET_CHO,2025,2024-11-21,CHO,DET,1,0,0,0.44214255,0.55785745,0.59625113,0.40374887
2024-11-23_CHO_MIL,2025,2024-11-23,CHO,MIL,0,0,0,0.37114653,0.62885344,0.6062568,0.39374322
2024-11-25_ORL_CHO,2025,2024-11-25,CHO,ORL,0,0,0,0.3610017,0.63899827,0.64753294,0.35246706
2024-11-27_MIA_CHO,2025,2024-11-27,CHO,MIA,0,0,0,0.4089608,0.5910392,0.5759189,0.4240811
2024-11-29_NYK_CHO,2025,2024-11-29,CHO,NYK,0,0,0,0.3523339,0.6476661,0.65890366,0.34109634
2024-12-03_PHI_CHO,2025,2024-12-03,CHO,PHI,0,1,1,0.6078147,0.39218527,0.41132024,0.5886798
2024-12-05_CHO_NYK,2025,2024-12-05,CHO,NYK,0,0,0,0.23099695,0.76900303,0.7579486,0.24205142
2024-12-07_CLE_CHO,2025,2024-12-07,CHO,CLE,0,0,0,0.23542725,0.76457274,0.7772355,0.22276449
2024-12-08_CHO_IND,2025,2024-12-08,CHO,IND,1,0,0,0.3330049,0.6669951,0.61135507,0.38864493
2024-12-16_PHI_CHO,2025,2024-12-16,CHO,PHI,0,1,1,0.5175101,0.48248988,0.49548608,0.5045139
2024-12-19_CHO_WAS,2025,2024-12-19,CHO,WAS,0,1,1,0.6009967,0.39900333,0.4131971,0.5868029
2024-12-20_CHO_PHI,2025,2024-12-20,CHO,PHI,0,0,0,0.37696967,0.6230303,0.6142672,0.38573283
2024-12-23_HOU_CHO,2025,2024-12-23,CHO,HOU,0,0,0,0.27869254,0.72130746,0.7163707,0.2836293
2024-12-26_CHO_WAS,2025,2024-12-26,CHO,WAS,0,1,1,0.659782,0.340218,0.33978996,0.66021
2024-12-28_OKC_CHO,2025,2024-12-28,CHO,OKC,0,0,0,0.19269225,0.8073077,0.807645,0.19235498
2025-01-03_CHO_DET,2025,2025-01-03,CHO,DET,0,0,0,0.31899643,0.6810036,0.7183564,0.28164363
2025-01-05_CHO_CLE,2025,2025-01-05,CHO,CLE,0,0,0,0.13879703,0.86120296,0.88218,0.117820024
2024-10-25_DET_CLE,2025,2024-10-25,CLE,DET,1,1,1,0.7179411,0.2820589,0.35582456,0.6441754
2024-10-26_CLE_WAS,2025,2024-10-26,CLE,WAS,1,1,1,0.5328277,0.46717232,0.48136663,0.51863337
2024-10-28_CLE_NYK,2025,2024-10-28,CLE,NYK,1,0,1,0.48984212,0.5101579,0.47450656,0.52549344
2024-10-30_LAL_CLE,2025,2024-10-30,CLE,LAL,1,1,1,0.70543534,0.29456466,0.32613823,0.67386174
2024-11-01_ORL_CLE,2025,2024-11-01,CLE,ORL,1,1,1,0.7462731,0.2537269,0.36589086,0.63410914
2024-11-02_CLE_MIL,2025,2024-11-02,CLE,MIL,1,1,1,0.5986371,0.4013629,0.42813393,0.57186604
2024-11-04_MIL_CLE,2025,2024-11-04,CLE,MIL,1,1,1,0.7773414,0.22265857,0.26395854,0.7360414
2024-11-06_CLE_NOP,2025,2024-11-06,CLE,NOP,1,1,1,0.76499456,0.23500544,0.26329082,0.7367092
2024-11-08_GSW_CLE,2025,2024-11-08,CLE,GSW,1,1,1,0.5576843,0.4423157,0.36784887,0.6321511
2024-11-13_CLE_PHI,2025,2024-11-13,CLE,PHI,1,1,1,0.7911955,0.20880449,0.14919509,0.8508049
2024-11-20_NOP_CLE,2025,2024-11-20,CLE,NOP,1,1,1,0.8709814,0.1290186,0.08357653,0.91642344
2024-11-24_TOR_CLE,2025,2024-11-24,CLE,TOR,1,1,1,0.8476533,0.15234667,0.15697785,0.84302217
2024-12-03_WAS_CLE,2025,2024-12-03,CLE,WAS,1,1,1,0.8720536,0.12794638,0.12942308,0.8705769
2024-12-05_DEN_CLE,2025,2024-12-05,CLE,DEN,1,1,1,0.7513226,0.24867737,0.25339812,0.7466019
2024-12-08_CLE_MIA,2025,2024-12-08,CLE,MIA,0,1,1,0.53939813,0.46060187,0.30531895,0.69468105
2024-12-13_WAS_CLE,2025,2024-12-13,CLE,WAS,1,1,1,0.8705598,0.12944019,0.12010038,0.8798996
2024-12-20_MIL_CLE,2025,2024-12-20,CLE,MIL,1,1,1,0.7782318,0.2217682,0.24376693,0.7562331
2024-12-21_PHI_CLE,2025,2024-12-21,CLE,PHI,1,1,1,0.8285888,0.17141122,0.104746476,0.89525354
2024-12-23_UTA_CLE,2025,2024-12-23,CLE,UTA,1,1,1,0.88485867,0.11514133,0.12333423,0.8766658
2024-12-27_CLE_DEN,2025,2024-12-27,CLE,DEN,1,1,1,0.61526835,0.38473165,0.41608226,0.58391774
2024-12-30_CLE_GSW,2025,2024-12-30,CLE,GSW,1,1,1,0.6337719,0.3662281,0.38813785,0.6118622
2024-12-31_CLE_LAL,2025,2024-12-31,CLE,LAL,1,1,1,0.55104655,0.44895345,0.3820478,0.6179522
2025-01-03_CLE_DAL,2025,2025-01-03,CLE,DAL,1,1,1,0.60730445,0.39269555,0.40952116,0.59047884
2024-10-26_DAL_PHO,2025,2024-10-26,DAL,PHO,0,0,0,0.49236664,0.5076333,0.5023935,0.49760652
2024-10-28_UTA_DAL,2025,2024-10-28,DAL,UTA,1,1,1,0.68157554,0.31842446,0.32408187,0.6759181
2024-10-29_DAL_MIN,2025,2024-10-29,DAL,MIN,1,0,0,0.35271844,0.6472815,0.61928487,0.38071513
2024-10-31_HOU_DAL,2025,2024-10-31,DAL,HOU,0,1,1,0.64798963,0.35201037,0.34851247,0.6514875
2024-11-03_ORL_DAL,2025,2024-11-03,DAL,ORL,1,1,1,0.6074547,0.39254528,0.40803596,0.591964
2024-11-04_IND_DAL,2025,2024-11-04,DAL,IND,0,1,1,0.692824,0.307176,0.2709487,0.7290513
2024-11-08_PHO_DAL,2025,2024-11-08,DAL,PHO,0,0,0,0.46698216,0.5330179,0.52996236,0.47003764
2024-11-10_DAL_DEN,2025,2024-11-10,DAL,DEN,0,0,0,0.343318,0.656682,0.65572155,0.34427845
2024-11-12_DAL_GSW,2025,2024-11-12,DAL,GSW,0,0,0,0.26651403,0.73348594,0.75540996,0.24459004
2024-11-14_DAL_UTA,2025,2024-11-14,DAL,UTA,0,1,1,0.62503606,0.37496394,0.40478078,0.59521925
2024-11-16_SAS_DAL,2025,2024-11-16,DAL,SAS,1,1,1,0.5912782,0.4087218,0.34878638,0.65121365
2024-11-17_DAL_OKC,2025,2024-11-17,DAL,OKC,1,0,0,0.09093005,0.90906996,0.84392035,0.15607965
2024-11-19_NOP_DAL,2025,2024-11-19,DAL,NOP,1,1,1,0.74606377,0.25393623,0.25826,0.74174
2024-11-22_DAL_DEN,2025,2024-11-22,DAL,DEN,1,0,0,0.47211945,0.52788055,0.5518553,0.44814467
2024-11-24_DAL_MIA,2025,2024-11-24,DAL,MIA,0,1,1,0.5163704,0.48362958,0.5059717,0.49402827
2024-11-27_NYK_DAL,2025,2024-11-27,DAL,NYK,1,1,1,0.6004221,0.39957792,0.42282096,0.5771791
2024-11-30_DAL_UTA,2025,2024-11-30,DAL,UTA,1,1,1,0.7109666,0.2890334,0.30976772,0.6902323
2024-12-01_DAL_POR,2025,2024-12-01,DAL,POR,1,1,1,0.5813259,0.4186741,0.39490357,0.60509646
2024-12-03_MEM_DAL,2025,2024-12-03,DAL,MEM,1,1,1,0.5695138,0.4304862,0.46055642,0.5394436
2024-12-05_DAL_WAS,2025,2024-12-05,DAL,WAS,1,1,1,0.76094395,0.23905605,0.27443445,0.72556555
2024-12-07_DAL_TOR,2025,2024-12-07,DAL,TOR,1,1,1,0.6709268,0.3290732,0.3435288,0.6564712
2024-12-10_DAL_OKC,2025,2024-12-10,DAL,OKC,0,0,0,0.21612579,0.7838742,0.7920671,0.20793289
2024-12-15_DAL_GSW,2025,2024-12-15,DAL,GSW,1,0,0,0.4989822,0.5010178,0.5343698,0.46563017
2024-12-19_LAC_DAL,2025,2024-12-19,DAL,LAC,0,1,1,0.67952013,0.32047987,0.35085753,0.6491425
2024-12-21_LAC_DAL,2025,2024-12-21,DAL,LAC,1,1,1,0.6071867,0.39281332,0.41630405,0.58369595
2024-12-23_POR_DAL,2025,2024-12-23,DAL,POR,1,1,1,0.78738445,0.21261555,0.21430641,0.7856936
2024-12-25_MIN_DAL,2025,2024-12-25,DAL,MIN,0,1,1,0.6901809,0.3098191,0.32395443,0.67604554
2024-12-27_DAL_PHO,2025,2024-12-27,DAL,PHO,1,1,1,0.57285625,0.42714375,0.43612772,0.5638723
2024-12-28_DAL_POR,2025,2024-12-28,DAL,POR,0,1,1,0.6711678,0.3288322,0.29123065,0.7087693
2024-12-30_DAL_SAC,2025,2024-12-30,DAL,SAC,0,1,1,0.65529567,0.34470433,0.37043253,0.6295675
2025-01-01_DAL_HOU,2025,2025-01-01,DAL,HOU,0,0,0,0.42042705,0.5795729,0.62277746,0.37722254
2024-10-26_LAC_DEN,2025,2024-10-26,DEN,LAC,0,1,0,0.50239104,0.49760896,0.6316107,0.3683893
2024-10-28_DEN_TOR,2025,2024-10-28,DEN,TOR,1,0,0,0.37388712,0.6261129,0.5946006,0.40539938
2024-11-01_DEN_MIN,2025,2024-11-01,DEN,MIN,0,0,0,0.44054285,0.5594572,0.58743876,0.41256124
2024-11-02_UTA_DEN,2025,2024-11-02,DEN,UTA,1,1,1,0.6198775,0.38012248,0.3999418,0.6000582
2024-11-04_TOR_DEN,2025,2024-11-04,DEN,TOR,1,1,1,0.63731146,0.36268854,0.2964506,0.7035494
2024-11-06_OKC_DEN,2025,2024-11-06,DEN,OKC,1,1,1,0.5358983,0.46410167,0.53033507,0.46966493
2024-11-08_MIA_DEN,2025,2024-11-08,DEN,MIA,1,1,1,0.6743999,0.3256001,0.35352528,0.6464747
2024-11-15_DEN_NOP,2025,2024-11-15,DEN,NOP,0,1,1,0.67307675,0.32692325,0.35795256,0.6420474
2024-11-17_DEN_MEM,2025,2024-11-17,DEN,MEM,0,0,0,0.39127848,0.6087215,0.61733216,0.38266784
2024-11-19_DEN_MEM,2025,2024-11-19,DEN,MEM,1,0,0,0.36629328,0.6337067,0.651402,0.348598
2024-11-23_DEN_LAL,2025,2024-11-23,DEN,LAL,1,0,0,0.32173866,0.67826134,0.6042534,0.3957466
2024-11-25_NYK_DEN,2025,2024-11-25,DEN,NYK,0,1,1,0.5390097,0.4609903,0.4865134,0.5134866
2024-11-27_DEN_UTA,2025,2024-11-27,DEN,UTA,1,1,1,0.6757975,0.32420248,0.3203958,0.6796042
2024-12-01_DEN_LAC,2025,2024-12-01,DEN,LAC,0,0,0,0.40730405,0.59269595,0.6217889,0.37821108
2024-12-03_GSW_DEN,2025,2024-12-03,DEN,GSW,1,1,1,0.5480956,0.45190442,0.47074765,0.52925235
2024-12-07_DEN_WAS,2025,2024-12-07,DEN,WAS,0,1,1,0.6909539,0.3090461,0.31610605,0.6838939
2024-12-13_LAC_DEN,2025,2024-12-13,DEN,LAC,1,1,1,0.57955027,0.42044973,0.4448947,0.5551053
2024-12-16_DEN_SAC,2025,2024-12-16,DEN,SAC,1,1,0,0.5073855,0.4926145,0.5174929,0.4825071
2024-12-19_DEN_POR,2025,2024-12-19,DEN,POR,0,1,1,0.6823691,0.3176309,0.3255298,0.6744702
2024-12-22_DEN_NOP,2025,2024-12-22,DEN,NOP,1,1,1,0.6804355,0.31956452,0.28744122,0.71255875
2024-12-23_PHO_DEN,2025,2024-12-23,DEN,PHO,1,1,1,0.59769017,0.40230983,0.379835,0.620165
2024-12-25_DEN_PHO,2025,2024-12-25,DEN,PHO,0,1,0,0.5006922,0.4993078,0.5116701,0.4883299
2024-12-28_DET_DEN,2025,2024-12-28,DEN,DET,1,1,1,0.65294653,0.34705347,0.3166281,0.6833719
2024-12-30_DEN_UTA,2025,2024-12-30,DEN,UTA,1,1,1,0.6903038,0.3096962,0.2791827,0.7208173
2025-01-03_SAS_DEN,2025,2025-01-03,DEN,SAS,0,1,1,0.6263213,0.37367868,0.41388443,0.5861156
2025-01-04_DEN_SAS,2025,2025-01-04,DEN,SAS,1,0,0,0.40236104,0.59763896,0.4573894,0.5426106
2024-10-28_DET_MIA,2025,2024-10-28,DET,MIA,0,0,0,0.4030582,0.5969418,0.59288317,0.40711683
2024-10-30_DET_PHI,2025,2024-10-30,DET,PHI,1,0,0,0.33768186,0.6623181,0.61888087,0.38111913
2024-11-01_NYK_DET,2025,2024-11-01,DET,NYK,0,0,0,0.43216848,0.5678315,0.5722539,0.42774612
2024-11-04_LAL_DET,2025,2024-11-04,DET,LAL,1,0,0,0.3724265,0.6275735,0.59229994,0.40770006
2024-11-10_HOU_DET,2025,2024-11-10,DET,HOU,0,0,0,0.4460976,0.5539024,0.59387654,0.40612346
2024-11-12_MIA_DET,2025,2024-11-12,DET,MIA,1,0,0,0.47670802,0.52329195,0.5516919,0.4483081
2024-11-13_DET_MIL,2025,2024-11-13,DET,MIL,0,1,1,0.55559754,0.44440246,0.4034673,0.5965327
2024-11-15_DET_TOR,2025,2024-11-15,DET,TOR,1,1,1,0.6129098,0.3870902,0.4153714,0.5846286
2024-11-17_DET_WAS,2025,2024-11-17,DET,WAS,1,1,1,0.6408589,0.3591411,0.3868986,0.61310136
2024-11-23_DET_ORL,2025,2024-11-23,DET,ORL,0,0,0,0.28882146,0.71117854,0.7338542,0.26614583
2024-11-25_TOR_DET,2025,2024-11-25,DET,TOR,1,1,1,0.66574347,0.33425653,0.3110581,0.6889419
2024-11-27_DET_MEM,2025,2024-11-27,DET,MEM,0,0,0,0.3356222,0.6643778,0.6997293,0.30027068
2024-11-29_DET_IND,2025,2024-11-29,DET,IND,1,0,0,0.35367972,0.6463203,0.6681241,0.33187592
2024-11-30_PHI_DET,2025,2024-11-30,DET,PHI,0,1,1,0.6985058,0.30149418,0.3029228,0.6970772
2024-12-03_MIL_DET,2025,2024-12-03,DET,MIL,0,0,0,0.48761043,0.51238954,0.5276082,0.47239178
2024-12-07_DET_NYK,2025,2024-12-07,DET,NYK,1,0,0,0.2678976,0.7321024,0.72856724,0.27143276
2024-12-16_MIA_DET,2025,2024-12-16,DET,MIA,1,0,0,0.44267118,0.5573288,0.6015558,0.39844418
2024-12-19_UTA_DET,2025,2024-12-19,DET,UTA,0,1,1,0.7009906,0.29900938,0.31466436,0.68533564
2024-12-21_DET_PHO,2025,2024-12-21,DET,PHO,1,0,0,0.3829438,0.6170562,0.64403296,0.35596704
2024-12-23_DET_LAL,2025,2024-12-23,DET,LAL,1,0,0,0.3232522,0.6767478,0.6933497,0.30665028
2024-12-26_DET_SAC,2025,2024-12-26,DET,SAC,1,0,0,0.4144942,0.58550584,0.59466815,0.40533185
2025-01-01_ORL_DET,2025,2025-01-01,DET,ORL,1,0,0,0.4608101,0.53918993,0.57398754,0.42601246
2025-01-04_MIN_DET,2025,2025-01-04,DET,MIN,1,0,1,0.48187128,0.51812875,0.4682717,0.53172827
2024-10-25_GSW_UTA,2025,2024-10-25,GSW,UTA,1,0,0,0.45664623,0.5433538,0.5774195,0.42258048
2024-10-27_LAC_GSW,2025,2024-10-27,GSW,LAC,0,1,1,0.6466504,0.35334963,0.41037437,0.5896256
2024-10-29_NOP_GSW,2025,2024-10-29,GSW,NOP,1,1,1,0.79448223,0.20551777,0.20911959,0.79088044
2024-10-30_NOP_GSW,2025,2024-10-30,GSW,NOP,1,1,1,0.82816094,0.17183906,0.1539884,0.8460116
2024-11-02_GSW_HOU,2025,2024-11-02,GSW,HOU,1,1,1,0.58890134,0.41109866,0.43812588,0.56187415
2024-11-04_GSW_WAS,2025,2024-11-04,GSW,WAS,1,1,1,0.6615773,0.33842272,0.29562804,0.7043719
2024-11-10_GSW_OKC,2025,2024-11-10,GSW,OKC,1,0,0,0.2487338,0.7512662,0.7127424,0.2872576
2024-11-15_MEM_GSW,2025,2024-11-15,GSW,MEM,1,1,1,0.74437374,0.25562626,0.29963434,0.70036566
2024-11-18_GSW_LAC,2025,2024-11-18,GSW,LAC,0,1,1,0.6577846,0.34221542,0.29285556,0.70714444
2024-11-22_GSW_NOP,2025,2024-11-22,GSW,NOP,1,1,1,0.7701935,0.22980648,0.23519464,0.7648054
2024-11-23_GSW_SAS,2025,2024-11-23,GSW,SAS,0,1,1,0.5330161,0.4669839,0.44401106,0.5559889
2024-11-27_OKC_GSW,2025,2024-11-27,GSW,OKC,0,0,0,0.49309152,0.5069085,0.5193541,0.4806459
2024-11-30_GSW_PHO,2025,2024-11-30,GSW,PHO,0,0,0,0.49453142,0.5054686,0.52053624,0.47946376
2024-12-05_HOU_GSW,2025,2024-12-05,GSW,HOU,1,1,1,0.55278426,0.44721574,0.4785868,0.5214132
2024-12-06_MIN_GSW,2025,2024-12-06,GSW,MIN,0,1,1,0.5580232,0.4419768,0.37760484,0.62239516
2024-12-08_MIN_GSW,2025,2024-12-08,GSW,MIN,1,1,1,0.57742345,0.42257655,0.44239447,0.5576055
2024-12-11_GSW_HOU,2025,2024-12-11,GSW,HOU,0,0,0,0.36656207,0.63343793,0.64887995,0.35112005
2024-12-19_GSW_MEM,2025,2024-12-19,GSW,MEM,0,0,0,0.3746789,0.6253211,0.65892124,0.34107876
2024-12-21_GSW_MIN,2025,2024-12-21,GSW,MIN,1,0,0,0.4072445,0.5927555,0.6186259,0.38137412
2024-12-23_IND_GSW,2025,2024-12-23,GSW,IND,0,1,1,0.6270289,0.37297112,0.30832914,0.6916709
2024-12-25_LAL_GSW,2025,2024-12-25,GSW,LAL,0,1,1,0.56985664,0.43014336,0.4483162,0.5516838
2024-12-27_GSW_LAC,2025,2024-12-27,GSW,LAC,0,0,0,0.38791788,0.6120821,0.6561158,0.34388423
2024-12-28_PHO_GSW,2025,2024-12-28,GSW,PHO,1,1,1,0.5375533,0.4624467,0.33918664,0.66081333
2025-01-02_PHI_GSW,2025,2025-01-02,GSW,PHI,1,1,1,0.6445995,0.3554005,0.30891672,0.6910833
2025-01-04_MEM_GSW,2025,2025-01-04,GSW,MEM,1,1,1,0.5048402,0.4951598,0.4370034,0.5629966
2025-01-05_SAC_GSW,2025,2025-01-05,GSW,SAC,0,1,1,0.5708874,0.4291126,0.39667228,0.60332775
2024-10-25_MEM_HOU,2025,2024-10-25,HOU,MEM,1,1,1,0.6534689,0.3465311,0.45226976,0.5477302
2024-10-26_HOU_SAS,2025,2024-10-26,HOU,SAS,0,0,0,0.47405323,0.52594674,0.47749907,0.52250093
2024-10-28_HOU_SAS,2025,2024-10-28,HOU,SAS,1,0,0,0.38942525,0.6105747,0.6341025,0.36589748
2024-11-04_NYK_HOU,2025,2024-11-04,HOU,NYK,1,1,1,0.5145097,0.48549032,0.5112803,0.4887197
2024-11-06_SAS_HOU,2025,2024-11-06,HOU,SAS,1,1,1,0.6973046,0.3026954,0.3341062,0.6658938
2024-11-08_HOU_OKC,2025,2024-11-08,HOU,OKC,0,0,0,0.21838708,0.78161293,0.74400663,0.25599337
2024-11-11_WAS_HOU,2025,2024-11-11,HOU,WAS,1,1,1,0.79049736,0.20950264,0.17447342,0.8255266
2024-11-13_LAC_HOU,2025,2024-11-13,HOU,LAC,1,1,1,0.64590573,0.35409427,0.37818453,0.62181544
2024-11-15_LAC_HOU,2025,2024-11-15,HOU,LAC,1,1,1,0.72388995,0.27611005,0.29508117,0.70491886
2024-11-18_HOU_MIL,2025,2024-11-18,HOU,MIL,0,1,1,0.633061,0.366939,0.3356987,0.6643013
2024-11-20_IND_HOU,2025,2024-11-20,HOU,IND,1,1,1,0.75083286,0.24916714,0.25867292,0.74132705
2024-11-22_POR_HOU,2025,2024-11-22,HOU,POR,1,1,1,0.84732604,0.15267396,0.17390399,0.826096
2024-11-23_POR_HOU,2025,2024-11-23,HOU,POR,0,1,1,0.8546902,0.1453098,0.10182014,0.8981799
2024-11-26_HOU_MIN,2025,2024-11-26,HOU,MIN,1,1,1,0.5794013,0.4205987,0.44017395,0.559826
2024-11-27_HOU_PHI,2025,2024-11-27,HOU,PHI,1,1,1,0.7509687,0.2490313,0.27099648,0.72900355
2024-12-01_OKC_HOU,2025,2024-12-01,HOU,OKC,1,0,0,0.49862242,0.5013776,0.5021174,0.4978826
2024-12-03_HOU_SAC,2025,2024-12-03,HOU,SAC,0,1,1,0.64083266,0.35916734,0.39198053,0.6080195
2024-12-08_HOU_LAC,2025,2024-12-08,HOU,LAC,1,0,0,0.4819435,0.5180565,0.5440324,0.4559676
2024-12-14_HOU_OKC,2025,2024-12-14,HOU,OKC,0,0,0,0.18754518,0.8124548,0.8256755,0.17432451
2024-12-19_NOP_HOU,2025,2024-12-19,HOU,NOP,1,1,1,0.8197622,0.18023783,0.17762412,0.8223759
2024-12-22_HOU_TOR,2025,2024-12-22,HOU,TOR,1,1,1,0.68057805,0.31942195,0.34115893,0.6588411
2024-12-26_HOU_NOP,2025,2024-12-26,HOU,NOP,1,1,1,0.7641322,0.2358678,0.2511011,0.74889886
2024-12-27_MIN_HOU,2025,2024-12-27,HOU,MIN,0,1,1,0.71959895,0.28040105,0.25409475,0.7459053
2024-12-29_MIA_HOU,2025,2024-12-29,HOU,MIA,0,1,1,0.75869405,0.24130595,0.18447307,0.81552696
2025-01-05_LAL_HOU,2025,2025-01-05,HOU,LAL,0,1,1,0.70134103,0.29865897,0.35944635,0.64055365
2024-10-25_IND_NYK,2025,2024-10-25,IND,NYK,0,1,1,0.57408726,0.42591274,0.4559829,0.5440171
2024-10-27_PHI_IND,2025,2024-10-27,IND,PHI,0,1,1,0.56419176,0.43580824,0.47921064,0.5207894
2024-10-28_IND_ORL,2025,2024-10-28,IND,ORL,0,0,0,0.30738562,0.6926144,0.6528897,0.34711027
2024-11-01_IND_NOP,2025,2024-11-01,IND,NOP,0,0,0,0.4216642,0.57833576,0.60422385,0.39577615
2024-11-06_ORL_IND,2025,2024-11-06,IND,ORL,1,1,1,0.52334106,0.47665894,0.4870725,0.51292753
2024-11-10_NYK_IND,2025,2024-11-10,IND,NYK,1,1,1,0.5325155,0.46748447,0.50361353,0.49638647
2024-11-13_IND_ORL,2025,2024-11-13,IND,ORL,0,0,0,0.42466784,0.57533216,0.552134,0.44786602
2024-11-15_MIA_IND,2025,2024-11-15,IND,MIA,0,1,1,0.6044183,0.39558172,0.415844,0.58415604
2024-11-17_MIA_IND,2025,2024-11-17,IND,MIA,1,1,1,0.60209286,0.39790714,0.43178612,0.5682139
2024-11-18_IND_TOR,2025,2024-11-18,IND,TOR,0,1,1,0.5365984,0.46340162,0.43056118,0.5694388
2024-11-22_IND_MIL,2025,2024-11-22,IND,MIL,0,0,0,0.4488759,0.5511241,0.5817355,0.4182645
2024-11-24_WAS_IND,2025,2024-11-24,IND,WAS,1,1,1,0.7154795,0.2845205,0.30607724,0.69392276
2024-11-25_NOP_IND,2025,2024-11-25,IND,NOP,1,1,1,0.6660107,0.33398932,0.34320244,0.6567975
2024-11-27_POR_IND,2025,2024-11-27,IND,POR,1,1,1,0.66060096,0.33939904,0.35380417,0.6461958
2024-12-01_IND_MEM,2025,2024-12-01,IND,MEM,0,0,0,0.2996823,0.70031774,0.7247563,0.2752437
2024-12-03_IND_TOR,2025,2024-12-03,IND,TOR,0,1,1,0.54923946,0.45076054,0.46178165,0.5382184
2024-12-13_IND_PHI,2025,2024-12-13,IND,PHI,1,1,1,0.5944368,0.40556318,0.42906988,0.5709301
2024-12-15_NOP_IND,2025,2024-12-15,IND,NOP,1,1,1,0.67640203,0.32359797,0.3218813,0.6781187
2024-12-19_IND_PHO,2025,2024-12-19,IND,PHO,1,0,0,0.37311044,0.6268896,0.64789706,0.35210294
2024-12-22_IND_SAC,2025,2024-12-22,IND,SAC,1,0,1,0.4904334,0.5095666,0.47599125,0.52400875
2024-12-26_OKC_IND,2025,2024-12-26,IND,OKC,0,0,0,0.36263275,0.63736725,0.65159357,0.34840643
2024-12-31_MIL_IND,2025,2024-12-31,IND,MIL,0,1,1,0.5706668,0.4293332,0.45304146,0.54695857
2025-01-02_IND_MIA,2025,2025-01-02,IND,MIA,1,0,0,0.39074153,0.6092585,0.5743572,0.4256428
2025-01-04_PHO_IND,2025,2025-01-04,IND,PHO,1,1,1,0.59609294,0.40390706,0.41687584,0.58312416
2024-10-30_POR_LAC,2025,2024-10-30,LAC,POR,0,1,1,0.7090573,0.29094273,0.32941374,0.6705862
2024-10-31_PHO_LAC,2025,2024-10-31,LAC,PHO,0,0,0,0.4894833,0.5105167,0.5644179,0.4355821
2024-11-02_OKC_LAC,2025,2024-11-02,LAC,OKC,0,0,0,0.36596912,0.6340309,0.5621773,0.4378227
2024-11-04_SAS_LAC,2025,2024-11-04,LAC,SAS,1,0,0,0.48171997,0.51828,0.52390736,0.47609264
2024-11-06_PHI_LAC,2025,2024-11-06,LAC,PHI,1,1,1,0.63025993,0.36974007,0.38685682,0.6131432
2024-11-08_LAC_SAC,2025,2024-11-08,LAC,SAC,1,0,0,0.41018507,0.5898149,0.6229075,0.37709248
2024-11-09_TOR_LAC,2025,2024-11-09,LAC,TOR,1,1,1,0.78083277,0.21916723,0.20289224,0.79710776
2024-11-11_LAC_OKC,2025,2024-11-11,LAC,OKC,0,0,0,0.16939025,0.83060974,0.79159975,0.20840025
2024-11-17_UTA_LAC,2025,2024-11-17,LAC,UTA,1,1,1,0.6885279,0.31147212,0.30665883,0.69334114
2024-11-20_ORL_LAC,2025,2024-11-20,LAC,ORL,1,1,1,0.54643893,0.45356107,0.4803785,0.5196215
2024-11-22_SAC_LAC,2025,2024-11-22,LAC,SAC,1,1,1,0.59010166,0.40989834,0.42774937,0.5722506
2024-11-24_LAC_PHI,2025,2024-11-24,LAC,PHI,1,1,1,0.6677398,0.3322602,0.34552246,0.65447754
2024-11-27_LAC_WAS,2025,2024-11-27,LAC,WAS,1,1,1,0.73830974,0.26169026,0.2272323,0.77276766
2024-11-29_LAC_MIN,2025,2024-11-29,LAC,MIN,0,1,1,0.5516425,0.44835752,0.48664916,0.51335084
2024-12-03_POR_LAC,2025,2024-12-03,LAC,POR,1,1,1,0.78021556,0.21978444,0.23451366,0.76548636
2024-12-04_MIN_LAC,2025,2024-12-04,LAC,MIN,0,1,1,0.6236096,0.3763904,0.34591267,0.6540873
2024-12-16_UTA_LAC,2025,2024-12-16,LAC,UTA,1,1,1,0.8375175,0.1624825,0.21137612,0.78862387
2024-12-23_LAC_MEM,2025,2024-12-23,LAC,MEM,1,0,0,0.3320365,0.6679635,0.70109916,0.29890084
2024-12-30_LAC_NOP,2025,2024-12-30,LAC,NOP,1,1,1,0.71171904,0.28828096,0.30067563,0.69932437
2024-12-31_LAC_SAS,2025,2024-12-31,LAC,SAS,0,0,0,0.43186855,0.56813145,0.51988244,0.48011756
2025-01-02_LAC_OKC,2025,2025-01-02,LAC,OKC,0,0,0,0.1681784,0.8318216,0.8359421,0.16405791
2024-10-25_PHO_LAL,2025,2024-10-25,LAL,PHO,1,1,1,0.6226978,0.37730223,0.38027793,0.61972207
2024-10-26_SAC_LAL,2025,2024-10-26,LAL,SAC,1,1,1,0.50560683,0.49439317,0.47087628,0.5291237
2024-10-28_LAL_PHO,2025,2024-10-28,LAL,PHO,0,0,0,0.46463516,0.53536487,0.5679641,0.43203592
2024-11-01_LAL_TOR,2025,2024-11-01,LAL,TOR,1,1,1,0.5441569,0.4558431,0.44613928,0.5538607
2024-11-06_LAL_MEM,2025,2024-11-06,LAL,MEM,0,1,1,0.52474946,0.47525054,0.50944644,0.49055356
2024-11-08_PHI_LAL,2025,2024-11-08,LAL,PHI,1,1,1,0.7421767,0.2578233,0.29554367,0.7044563
2024-11-10_TOR_LAL,2025,2024-11-10,LAL,TOR,1,1,1,0.75591666,0.24408334,0.20204885,0.79795116
2024-11-13_MEM_LAL,2025,2024-11-13,LAL,MEM,1,1,1,0.5536224,0.44637758,0.4781574,0.5218426
2024-11-15_LAL_SAS,2025,2024-11-15,LAL,SAS,1,1,1,0.54752153,0.45247847,0.5116944,0.48830563
2024-11-16_LAL_NOP,2025,2024-11-16,LAL,NOP,1,1,1,0.71679205,0.28320795,0.26921132,0.7307887
2024-11-19_UTA_LAL,2025,2024-11-19,LAL,UTA,1,1,1,0.78363836,0.21636164,0.21109904,0.788901
2024-11-21_ORL_LAL,2025,2024-11-21,LAL,ORL,0,1,1,0.64107895,0.35892105,0.30376527,0.6962347
2024-11-26_LAL_PHO,2025,2024-11-26,LAL,PHO,0,0,0,0.44750637,0.55249363,0.5517193,0.4482807
2024-11-27_LAL_SAS,2025,2024-11-27,LAL,SAS,1,0,0,0.34451225,0.6554878,0.5508071,0.44919288
2024-11-29_OKC_LAL,2025,2024-11-29,LAL,OKC,0,0,0,0.38931674,0.61068326,0.6057237,0.39427632
2024-12-01_LAL_UTA,2025,2024-12-01,LAL,UTA,1,1,1,0.6837957,0.3162043,0.3139105,0.6860895
2024-12-02_LAL_MIN,2025,2024-12-02,LAL,MIN,0,0,0,0.40694687,0.5930531,0.60075414,0.39924586
2024-12-04_LAL_MIA,2025,2024-12-04,LAL,MIA,0,0,0,0.48492667,0.5150733,0.5696567,0.43034327
2024-12-08_POR_LAL,2025,2024-12-08,LAL,POR,1,1,1,0.6841792,0.3158208,0.2788724,0.7211276
2024-12-13_LAL_MIN,2025,2024-12-13,LAL,MIN,0,0,0,0.39900357,0.60099643,0.62507457,0.37492543
2024-12-15_MEM_LAL,2025,2024-12-15,LAL,MEM,1,0,0,0.47365254,0.52634746,0.5494885,0.45051152
2024-12-19_LAL_SAC,2025,2024-12-19,LAL,SAC,1,0,0,0.41511303,0.58488697,0.59959775,0.40040225
2024-12-21_LAL_SAC,2025,2024-12-21,LAL,SAC,1,0,0,0.47502849,0.5249715,0.5482465,0.4517535
2024-12-28_SAC_LAL,2025,2024-12-28,LAL,SAC,1,1,1,0.6635186,0.3364814,0.3521463,0.64785373
2025-01-02_POR_LAL,2025,2025-01-02,LAL,POR,1,1,1,0.73678833,0.26321167,0.280918,0.719082
2024-10-26_ORL_MEM,2025,2024-10-26,MEM,ORL,1,0,0,0.32493684,0.67506313,0.49391472,0.5060853
2024-10-31_MIL_MEM,2025,2024-10-31,MEM,MIL,1,1,1,0.5829277,0.4170723,0.42708373,0.57291627
2024-11-02_MEM_PHI,2025,2024-11-02,MEM,PHI,1,1,1,0.5962785,0.4037215,0.4404612,0.55953884
2024-11-08_WAS_MEM,2025,2024-11-08,MEM,WAS,1,1,1,0.72039366,0.27960634,0.36019543,0.6398046
2024-11-10_MEM_POR,2025,2024-11-10,MEM,POR,1,1,1,0.68871063,0.31128937,0.33516973,0.66483027
2024-11-20_PHI_MEM,2025,2024-11-20,MEM,PHI,1,1,1,0.7374307,0.2625693,0.2593945,0.7406055
2024-11-25_POR_MEM,2025,2024-11-25,MEM,POR,1,1,1,0.7096647,0.2903353,0.31640396,0.683596
2024-11-29_NOP_MEM,2025,2024-11-29,MEM,NOP,1,1,1,0.8124758,0.1875242,0.21272917,0.78727084
2024-12-05_SAC_MEM,2025,2024-12-05,MEM,SAC,1,1,1,0.71628743,0.28371257,0.314158,0.68584204
2024-12-08_MEM_WAS,2025,2024-12-08,MEM,WAS,1,1,1,0.71965665,0.28034335,0.1888711,0.8111289
2024-12-26_TOR_MEM,2025,2024-12-26,MEM,TOR,1,1,1,0.76809263,0.23190737,0.24724266,0.7527573
2024-12-27_MEM_NOP,2025,2024-12-27,MEM,NOP,1,1,1,0.71467876,0.28532124,0.21837217,0.78162783
2024-12-29_MEM_OKC,2025,2024-12-29,MEM,OKC,0,0,0,0.23474292,0.76525706,0.7183353,0.28166473
2024-12-31_MEM_PHO,2025,2024-12-31,MEM,PHO,1,1,1,0.5405983,0.45940173,0.47995043,0.5200496
2025-01-03_MEM_SAC,2025,2025-01-03,MEM,SAC,0,1,1,0.58343333,0.41656667,0.44874358,0.5512564
2024-10-30_NYK_MIA,2025,2024-10-30,MIA,NYK,0,1,1,0.6407015,0.35929853,0.37785223,0.6221478
2024-11-02_MIA_WAS,2025,2024-11-02,MIA,WAS,1,1,0,0.5174195,0.48258048,0.53836256,0.46163744
2024-11-04_SAC_MIA,2025,2024-11-04,MIA,SAC,0,1,1,0.6280695,0.37193048,0.39143103,0.60856897
2024-11-06_MIA_PHO,2025,2024-11-06,MIA,PHO,0,0,0,0.32297087,0.67702913,0.7412915,0.25870848
2024-11-10_MIA_MIN,2025,2024-11-10,MIA,MIN,1,0,0,0.32988158,0.67011845,0.70175624,0.29824376
2024-11-18_PHI_MIA,2025,2024-11-18,MIA,PHI,1,1,1,0.70269555,0.29730445,0.30176544,0.69823456
2024-11-26_MIL_MIA,2025,2024-11-26,MIA,MIL,0,1,1,0.5920483,0.4079517,0.42887893,0.5711211
2024-11-29_TOR_MIA,2025,2024-11-29,MIA,TOR,1,1,1,0.71678835,0.28321165,0.30687773,0.69312227
2024-12-01_MIA_TOR,2025,2024-12-01,MIA,TOR,0,1,1,0.6046275,0.3953725,0.3990198,0.60098016
2024-12-07_PHO_MIA,2025,2024-12-07,MIA,PHO,1,1,1,0.55227613,0.44772387,0.48998466,0.51001537
2024-12-12_TOR_MIA,2025,2024-12-12,MIA,TOR,1,1,1,0.7402985,0.2597015,0.2703783,0.7296217
2024-12-20_OKC_MIA,2025,2024-12-20,MIA,OKC,0,0,0,0.37182835,0.6281717,0.55216885,0.44783115
2024-12-21_MIA_ORL,2025,2024-12-21,MIA,ORL,0,0,0,0.29064837,0.70935166,0.6475244,0.35247558
2024-12-26_MIA_ORL,2025,2024-12-26,MIA,ORL,1,0,0,0.34248012,0.6575199,0.67491853,0.32508147
2025-01-01_NOP_MIA,2025,2025-01-01,MIA,NOP,1,1,1,0.76248044,0.23751956,0.24833252,0.7516675
2025-01-04_UTA_MIA,2025,2025-01-04,MIA,UTA,0,1,1,0.8288459,0.17115408,0.22836122,0.77163875
2024-11-07_UTA_MIL,2025,2024-11-07,MIL,UTA,1,1,1,0.613981,0.386019,0.42040658,0.5795934
2024-11-08_MIL_NYK,2025,2024-11-08,MIL,NYK,0,0,0,0.2935287,0.7064713,0.6571371,0.3428629
2024-11-12_TOR_MIL,2025,2024-11-12,MIL,TOR,1,1,1,0.58413047,0.41586953,0.4430343,0.5569657
2024-11-30_WAS_MIL,2025,2024-11-30,MIL,WAS,1,1,1,0.7987267,0.20127332,0.21859333,0.78140664
2024-12-10_ORL_MIL,2025,2024-12-10,MIL,ORL,1,1,1,0.51211697,0.48788303,0.49049637,0.5095036
2024-12-21_WAS_MIL,2025,2024-12-21,MIL,WAS,1,1,1,0.7687411,0.23125893,0.20556973,0.79443026
2025-01-04_POR_MIL,2025,2025-01-04,MIL,POR,0,1,1,0.7140231,0.2859769,0.30945116,0.69054884
2024-10-24_MIN_SAC,2025,2024-10-24,MIN,SAC,1,1,0,0.6290823,0.37091768,,
2024-10-26_TOR_MIN,2025,2024-10-26,MIN,TOR,1,1,1,0.61648107,0.38351893,0.3196138,0.6803862
2024-11-02_MIN_SAS,2025,2024-11-02,MIN,SAS,0,0,0,0.43476066,0.5652393,0.48397684,0.51602316
2024-11-08_POR_MIN,2025,2024-11-08,MIN,POR,1,1,1,0.69735557,0.30264443,0.20615627,0.79384375
2024-11-12_MIN_POR,2025,2024-11-12,MIN,POR,0,1,1,0.6828436,0.31715637,0.2953303,0.7046697
2024-11-13_MIN_POR,2025,2024-11-13,MIN,POR,0,1,1,0.63618577,0.36381423,0.30098182,0.6990182
2024-11-15_MIN_SAC,2025,2024-11-15,MIN,SAC,1,0,0,0.3958209,0.60417914,0.6206108,0.37938923
2024-11-17_PHO_MIN,2025,2024-11-17,MIN,PHO,1,1,1,0.5681083,0.43189168,0.44967866,0.55032134
2024-11-21_MIN_TOR,2025,2024-11-21,MIN,TOR,0,1,1,0.7183985,0.2816015,0.3128461,0.68715394
2024-11-27_SAC_MIN,2025,2024-11-27,MIN,SAC,0,1,1,0.61660343,0.38339657,0.37044027,0.62955976
2024-12-15_MIN_SAS,2025,2024-12-15,MIN,SAS,1,0,0,0.46397159,0.5360284,0.55533856,0.44466144
2024-12-19_NYK_MIN,2025,2024-12-19,MIN,NYK,0,1,1,0.5879878,0.41201222,0.43389526,0.56610477
2024-12-29_SAS_MIN,2025,2024-12-29,MIN,SAS,1,1,1,0.61423326,0.38576674,0.40608588,0.59391415
2024-12-31_MIN_OKC,2025,2024-12-31,MIN,OKC,0,0,0,0.16998807,0.83001196,0.83375245,0.16624755
2024-10-25_NOP_POR,2025,2024-10-25,NOP,POR,1,1,1,0.538855,0.46114498,0.5107389,0.4892611
2024-10-27_NOP_POR,2025,2024-10-27,NOP,POR,0,1,1,0.62985736,0.37014264,0.35397482,0.6460252
2024-11-04_POR_NOP,2025,2024-11-04,NOP,POR,0,1,1,0.67134756,0.32865244,0.33254844,0.66745156
2024-11-08_NOP_ORL,2025,2024-11-08,NOP,ORL,0,0,0,0.4602961,0.5397039,0.5731684,0.4268316
2024-11-13_NOP_OKC,2025,2024-11-13,NOP,OKC,0,0,0,0.07808891,0.9219111,0.9086188,0.09138119
2024-11-27_TOR_NOP,2025,2024-11-27,NOP,TOR,0,0,0,0.45801887,0.5419811,0.5495092,0.45049077
2024-12-01_NOP_NYK,2025,2024-12-01,NOP,NYK,0,0,0,0.20622464,0.7937754,0.79932564,0.20067436
2024-12-05_PHO_NOP,2025,2024-12-05,NOP,PHO,1,0,0,0.3334185,0.6665815,0.70775604,0.29224396
2024-12-07_OKC_NOP,2025,2024-12-07,NOP,OKC,0,0,0,0.16464601,0.835354,0.83682865,0.16317135
2024-12-08_NOP_SAS,2025,2024-12-08,NOP,SAS,0,0,0,0.1967608,0.8032392,0.7583335,0.2416665
2024-12-12_SAC_NOP,2025,2024-12-12,NOP,SAC,0,0,0,0.34240738,0.65759265,0.64787555,0.35212445
2024-12-21_NYK_NOP,2025,2024-12-21,NOP,NYK,0,0,0,0.2624914,0.7375086,0.7367281,0.26327193
2025-01-03_WAS_NOP,2025,2025-01-03,NOP,WAS,1,1,0,0.50586736,0.49413264,0.5242427,0.4757573
2025-01-05_NOP_WAS,2025,2025-01-05,NOP,WAS,0,0,0,0.47788796,0.522112,0.5722443,0.4277557
2024-11-12_NYK_PHI,2025,2024-11-12,NYK,PHI,1,1,1,0.6607775,0.3392225,0.3667556,0.6332444
2024-11-18_WAS_NYK,2025,2024-11-18,NYK,WAS,1,1,1,0.7586847,0.2413153,0.17358108,0.82641894
2024-11-20_NYK_PHO,2025,2024-11-20,NYK,PHO,1,1,0,0.512814,0.487186,0.5360217,0.4639783
2024-11-23_NYK_UTA,2025,2024-11-23,NYK,UTA,0,1,1,0.7241773,0.2758227,0.27303177,0.7269682
2024-12-03_ORL_NYK,2025,2024-12-03,NYK,ORL,1,1,1,0.59178853,0.40821147,0.4409346,0.5590654
2024-12-09_NYK_TOR,2025,2024-12-09,NYK,TOR,1,1,1,0.653024,0.34697598,0.3344917,0.6655083
2024-12-15_NYK_ORL,2025,2024-12-15,NYK,ORL,1,0,0,0.4274118,0.5725882,0.606201,0.393799
2024-12-23_TOR_NYK,2025,2024-12-23,NYK,TOR,1,1,1,0.75166655,0.24833345,0.19887958,0.8011204
2024-12-25_SAS_NYK,2025,2024-12-25,NYK,SAS,1,1,1,0.6876638,0.3123362,0.32057646,0.6794236
2024-12-27_NYK_ORL,2025,2024-12-27,NYK,ORL,1,0,0,0.46122313,0.5387769,0.4844825,0.5155175
2024-12-28_NYK_WAS,2025,2024-12-28,NYK,WAS,1,1,1,0.746385,0.25361502,0.23400187,0.7659981
2024-12-30_NYK_WAS,2025,2024-12-30,NYK,WAS,1,1,1,0.80311316,0.19688684,0.23220845,0.76779157
2025-01-01_UTA_NYK,2025,2025-01-01,NYK,UTA,1,1,1,0.8640333,0.13596672,0.18087962,0.8191204
2025-01-03_NYK_OKC,2025,2025-01-03,NYK,OKC,0,0,0,0.26523787,0.73476213,0.69942003,0.30057997
2024-10-30_SAS_OKC,2025,2024-10-30,OKC,SAS,1,1,1,0.7942442,0.20575577,0.25411266,0.74588734
2024-11-01_OKC_POR,2025,2024-11-01,OKC,POR,1,1,1,0.6182279,0.3817721,0.35875493,0.64124507
2024-11-04_ORL_OKC,2025,2024-11-04,OKC,ORL,1,1,1,0.8313321,0.16866791,0.12489865,0.8751013
2024-11-15_PHO_OKC,2025,2024-11-15,OKC,PHO,1,1,1,0.7987143,0.20128572,0.18822622,0.8117738
2024-11-19_OKC_SAS,2025,2024-11-19,OKC,SAS,0,1,1,0.7026221,0.29737788,0.3082979,0.6917021
2024-11-20_POR_OKC,2025,2024-11-20,OKC,POR,1,1,1,0.84968835,0.15031165,0.13658118,0.8634188
2024-11-25_OKC_SAC,2025,2024-11-25,OKC,SAC,1,1,1,0.59222007,0.40777993,0.3292749,0.6707251
2024-12-03_UTA_OKC,2025,2024-12-03,OKC,UTA,1,1,1,0.8759246,0.12407541,0.1154605,0.8845395
2024-12-05_OKC_TOR,2025,2024-12-05,OKC,TOR,1,1,1,0.7455015,0.25449848,0.2534588,0.7465412
2024-12-19_OKC_ORL,2025,2024-12-19,OKC,ORL,1,1,1,0.62901187,0.37098813,0.37245396,0.6275461
2024-12-23_WAS_OKC,2025,2024-12-23,OKC,WAS,1,1,1,0.9008827,0.09911728,0.09513282,0.9048672
2024-11-10_WAS_ORL,2025,2024-11-10,ORL,WAS,1,1,1,0.73048955,0.26951045,0.28818977,0.71181023
2024-11-15_PHI_ORL,2025,2024-11-15,ORL,PHI,1,1,1,0.8098641,0.1901359,0.19897701,0.801023
2024-11-18_ORL_PHO,2025,2024-11-18,ORL,PHO,1,0,0,0.4190633,0.5809367,0.5387335,0.46126652
2024-12-04_ORL_PHI,2025,2024-12-04,ORL,PHI,1,1,1,0.6837345,0.31626552,0.3059403,0.6940597
2024-12-06_ORL_PHI,2025,2024-12-06,ORL,PHI,0,1,1,0.7014546,0.29854542,0.31391695,0.6860831
2024-12-08_PHO_ORL,2025,2024-12-08,ORL,PHO,1,1,1,0.6661833,0.3338167,0.2848631,0.7151369
2025-01-03_ORL_TOR,2025,2025-01-03,ORL,TOR,1,1,1,0.7182678,0.2817322,0.33973336,0.66026664
2025-01-05_UTA_ORL,2025,2025-01-05,ORL,UTA,0,1,1,0.80976903,0.19023097,0.18029732,0.8197027
2024-10-25_PHI_TOR,2025,2024-10-25,PHI,TOR,0,1,1,0.52935815,0.47064185,0.52866954,0.47133046
2024-11-04_PHI_PHO,2025,2024-11-04,PHI,PHO,0,0,0,0.23294926,0.76705074,0.7692618,0.23073822
2024-12-23_SAS_PHI,2025,2024-12-23,PHI,SAS,1,0,0,0.39113215,0.6088679,0.61778426,0.38221574
2024-12-28_PHI_UTA,2025,2024-12-28,PHI,UTA,1,1,1,0.6480485,0.35195148,0.38982597,0.61017406
2024-12-30_PHI_POR,2025,2024-12-30,PHI,POR,1,1,1,0.5071792,0.4928208,0.4812123,0.51878774
2025-01-01_PHI_SAC,2025,2025-01-01,PHI,SAC,0,0,0,0.4419151,0.5580849,0.56771594,0.43228406
2024-11-02_POR_PHO,2025,2024-11-02,PHO,POR,1,1,1,0.6843842,0.31561577,0.22323897,0.77676105
2024-11-10_SAC_PHO,2025,2024-11-10,PHO,SAC,0,1,1,0.63219565,0.36780435,0.35368228,0.6463177
2024-11-12_PHO_UTA,2025,2024-11-12,PHO,UTA,1,1,1,0.7282299,0.27177012,0.28602576,0.71397424
2024-11-13_PHO_SAC,2025,2024-11-13,PHO,SAC,0,0,1,0.469848,0.53015196,0.46586633,0.5341337
2024-12-03_SAS_PHO,2025,2024-12-03,PHO,SAS,1,1,1,0.5563091,0.4436909,0.46305767,0.53694236
2024-12-13_PHO_UTA,2025,2024-12-13,PHO,UTA,1,1,1,0.6666316,0.33336842,0.34725156,0.65274847
2024-12-15_POR_PHO,2025,2024-12-15,PHO,POR,1,1,1,0.7092135,0.2907865,0.2926177,0.7073823
2024-10-28_POR_SAC,2025,2024-10-28,POR,SAC,0,0,0,0.391936,0.608064,0.50178957,0.49821043
2024-11-07_POR_SAS,2025,2024-11-07,POR,SAS,0,0,0,0.45720655,0.54279345,0.5214737,0.4785263
2024-11-29_SAC_POR,2025,2024-11-29,POR,SAC,1,0,0,0.35965276,0.64034724,0.6557467,0.3442533
2024-12-06_UTA_POR,2025,2024-12-06,POR,UTA,0,1,1,0.52740365,0.47259635,0.49614212,0.50385785
2024-12-13_SAS_POR,2025,2024-12-13,POR,SAS,0,0,0,0.37754858,0.6224514,0.6377716,0.3622284
2024-12-21_POR_SAS,2025,2024-12-21,POR,SAS,0,0,0,0.28365773,0.7163423,0.7206887,0.2793113
2024-12-26_UTA_POR,2025,2024-12-26,POR,UTA,1,1,1,0.5595623,0.44043767,0.45530853,0.54469144
2024-10-29_SAC_UTA,2025,2024-10-29,SAC,UTA,1,0,1,0.49094918,0.50905085,0.4388245,0.56117547
2024-11-02_SAC_TOR,2025,2024-11-02,SAC,TOR,0,0,1,0.45800254,0.54199743,0.38678434,0.6132157
2024-11-06_TOR_SAC,2025,2024-11-06,SAC,TOR,1,1,1,0.6625026,0.3374974,0.30689365,0.69310635
2024-11-11_SAC_SAS,2025,2024-11-11,SAC,SAS,0,1,1,0.5147659,0.48523408,0.4374228,0.5625772
2024-11-16_UTA_SAC,2025,2024-11-16,SAC,UTA,1,1,1,0.7440791,0.2559209,0.23841672,0.76158327
2024-12-01_SAS_SAC,2025,2024-12-01,SAC,SAS,0,1,1,0.53145343,0.46854657,0.49624318,0.5037568
2024-12-06_SAC_SAS,2025,2024-12-06,SAC,SAS,1,0,0,0.31764325,0.6823567,0.58681196,0.41318804
2024-12-08_UTA_SAC,2025,2024-12-08,SAC,UTA,1,1,1,0.66627866,0.33372134,0.33651823,0.6634818
2024-10-31_SAS_UTA,2025,2024-10-31,SAS,UTA,1,0,1,0.49489763,0.5051024,0.4247595,0.5752405
2024-11-09_UTA_SAS,2025,2024-11-09,SAS,UTA,0,1,1,0.75237703,0.24762297,0.30133075,0.69866925
2024-11-13_WAS_SAS,2025,2024-11-13,SAS,WAS,1,1,1,0.7785824,0.2214176,0.24591075,0.75408924
2024-11-21_UTA_SAS,2025,2024-11-21,SAS,UTA,1,1,1,0.70701814,0.29298186,0.3229635,0.6770365
2024-11-26_SAS_UTA,2025,2024-11-26,SAS,UTA,1,1,1,0.6585088,0.34149122,0.35352254,0.64647746
